scenarioId,seed,arm,completedMatches,playerCount,countSpread,countDistribution,averageCourtmates,minimumCourtmates,meanCourtmateCoverage,worstCourtmateCoverage,uniqueCourtmatePairs,fullyCoveredCourtmatePlayers,feasibleCourtmatePairs,meanT,fullTypeCoverageFraction,bothTypeEligible,bothTypeCovered,oneTypePlayers,activeCountSpread,effectiveActiveCountSpread,mixedMatches,ownSideMatches,longestSingleTypeRun,backToBackCount,returningAssignments,backToBackRate,meanRest,p95Rest,maximumRest,longestCompletionGap,starvationInterventions,averagePartners,averageOpponents,partnerEntropy,opponentEntropy,attemptedDecisions,completedDecisions,pendingDecisions,fairnessCertificateFailures,starvationCertificateFailures,engineSearchLimitDecisions,independentAuditIncomplete,independentAuditInvalid,onePairConcessions,conditionalTypeBenefit,extraBothTypeWindows,opportunityPlayerCount,opportunityMeanT,firstFullCourtmate,lateMeanT,lateBothCoverage
"fixed-14-8-6-2c","1","production","21","14","2","{""5"":4,""6"":6,""7"":4}","10.285714285714286","7","0.7912087912087912","0.5384615384615384","72","2","91","1","1","14","14","0","2","2","12","9","4","20","74","0.2702702702702703","1.2954545454545454","3","4","7","1","5.428571428571429","8.428571428571429","0.6444950634674527","0.7889079191777252","21","20","1","0","0","0","0","0","0","0","0","14","1","N/A","N/A","N/A"
"fixed-14-8-6-2c","1","production","100","14","3","{""27"":4,""29"":8,""30"":2}","13","13","1","1","91","14","91","1","1","14","14","0","3","3","56","44","10","73","390","0.18717948717948718","1.4653465346534653","4","6","12","4","13","13","0.9779656925818383","0.9280465015811775","100","99","1","0","0","0","0","0","0","0","0","14","1","59","0.9657142857142855","0.9314285714285714"
"fixed-14-8-6-2c","1","courtmate-beneficial-rescue","21","14","2","{""5"":4,""6"":6,""7"":4}","10.714285714285714","9","0.8241758241758242","0.6923076923076923","75","2","91","1","1","14","14","0","2","2","12","9","5","25","74","0.33783783783783783","1.3181818181818181","4","4","8","1","6","7.571428571428571","0.6954174912064783","0.7152758088402323","21","20","1","0","0","0","0","0","2","1","2","14","1","N/A","N/A","N/A"
"fixed-14-8-6-2c","1","courtmate-beneficial-rescue","100","14","3","{""27"":4,""29"":8,""30"":2}","13","13","1","1","91","14","91","1","1","14","14","0","3","3","53","47","9","74","390","0.18974358974358974","1.4653465346534653","3","6","12","1","13","12.857142857142858","0.9629868211286434","0.903404205357572","100","99","1","0","0","0","0","0","2","1","2","14","1","30","0.9828571428571429","0.9657142857142859"
"fixed-14-8-6-2c","4729","production","21","14","0","{""6"":14}","10.857142857142858","9","0.8351648351648351","0.6923076923076923","76","0","91","1","1","14","14","0","0","0","12","9","4","15","74","0.20270270270270271","1.3409090909090908","4","4","7","2","5.428571428571429","8.571428571428571","0.6470815612820822","0.7886348802678211","21","20","1","0","0","0","0","0","0","0","0","14","1","N/A","N/A","N/A"
"fixed-14-8-6-2c","4729","production","100","14","4","{""26"":4,""29"":4,""30"":6}","13","13","1","1","91","14","91","1","1","14","14","0","4","4","56","44","9","74","390","0.18974358974358974","1.4504950495049505","4","5","16","4","13","13","0.9737515136745382","0.9130706872940106","100","99","1","0","0","0","0","0","0","0","0","14","1","38","0.9842857142857143","0.9685714285714286"
"fixed-14-8-6-2c","4729","courtmate-beneficial-rescue","21","14","0","{""6"":14}","10.714285714285714","9","0.8241758241758241","0.6923076923076923","75","2","91","1","1","14","14","0","0","0","14","7","5","22","74","0.2972972972972973","1.3181818181818181","4","4","7","1","5.714285714285714","7.571428571428571","0.6728185283703983","0.6819306441393598","21","20","1","0","0","0","0","0","3","2","4","14","1","N/A","N/A","N/A"
"fixed-14-8-6-2c","4729","courtmate-beneficial-rescue","100","14","4","{""26"":4,""29"":4,""30"":6}","13","13","1","1","91","14","91","0.9642857142857143","0.9285714285714286","14","13","0","4","4","58","42","7","75","390","0.19230769230769232","1.4504950495049505","3","4","14","1","13","13","0.9740094406407801","0.9153372890383128","100","99","1","0","0","0","0","0","3","2","4","14","0.9642857142857143","38","0.9971428571428572","0.9942857142857142"
"fixed-14-8-6-2c","104729","production","21","14","0","{""6"":14}","11.428571428571429","10","0.8791208791208792","0.7692307692307693","80","2","91","1","1","14","14","0","0","0","14","7","4","14","74","0.1891891891891892","1.3181818181818181","3","4","7","1","6","9","0.6985554954587145","0.8183775247783959","21","20","1","0","0","0","0","0","0","0","0","14","1","N/A","N/A","N/A"
"fixed-14-8-6-2c","104729","production","100","14","1","{""28"":6,""29"":8}","13","13","1","1","91","14","91","1","1","14","14","0","1","1","56","44","9","55","390","0.14102564102564102","1.4603960396039604","3","4","8","2","13","13","0.9832365801269223","0.9284302953674433","100","99","1","0","0","0","0","0","0","0","0","14","1","64","0.9871428571428571","0.9742857142857144"
"fixed-14-8-6-2c","104729","courtmate-beneficial-rescue","21","14","0","{""6"":14}","11.428571428571429","10","0.8791208791208793","0.7692307692307693","80","1","91","1","1","14","14","0","0","0","14","7","4","21","74","0.28378378378378377","1.2954545454545454","4","4","7","2","5.857142857142857","8.428571428571429","0.6856870119145564","0.775319327951653","21","20","1","0","0","0","0","0","2","1.5","3","14","1","N/A","N/A","N/A"
"fixed-14-8-6-2c","104729","courtmate-beneficial-rescue","100","14","1","{""28"":6,""29"":8}","13","13","1","1","91","14","91","1","1","14","14","0","1","1","56","44","6","65","390","0.16666666666666666","1.4603960396039604","3","4","7","3","13","13","0.9776546753748587","0.8946341358173723","100","99","1","0","0","0","0","0","2","1.5","3","14","1","29","0.9914285714285717","0.9828571428571427"
"fixed-14-9-5-2c","1","production","21","14","2","{""5"":4,""6"":6,""7"":4}","10.142857142857142","6","0.7802197802197803","0.46153846153846156","71","0","91","1","1","14","14","0","2","2","11","10","4","23","74","0.3108108108108108","1.3068181818181819","4","4","8","0","5.857142857142857","8.142857142857142","0.6834681850583316","0.77681804093127","21","20","1","0","0","0","0","0","0","0","0","14","1","N/A","N/A","N/A"
"fixed-14-9-5-2c","1","courtmate-beneficial-rescue","21","14","2","{""5"":4,""6"":6,""7"":4}","11.142857142857142","9","0.8571428571428573","0.6923076923076923","78","3","91","0.9642857142857143","0.9285714285714286","14","13","0","2","2","13","8","7","25","74","0.33783783783783783","1.3068181818181819","4","4","8","0","5.857142857142857","8.142857142857142","0.6812621593079043","0.7753738966281659","21","20","1","0","0","0","0","0","0","0","0","14","0.9642857142857143","N/A","N/A","N/A"
"fixed-14-9-5-2c","4729","production","21","14","0","{""6"":14}","10.428571428571429","8","0.8021978021978021","0.6153846153846154","73","0","91","0.9642857142857143","0.9285714285714286","14","13","0","0","0","13","8","6","18","74","0.24324324324324326","1.3409090909090908","4","4","7","2","5.571428571428571","8.714285714285714","0.6599500448262402","0.8135203960787554","21","20","1","0","0","0","0","0","0","0","0","14","0.9642857142857143","N/A","N/A","N/A"
"fixed-14-9-5-2c","4729","courtmate-beneficial-rescue","21","14","0","{""6"":14}","10.571428571428571","9","0.8131868131868135","0.6923076923076923","74","1","91","0.9642857142857143","0.9285714285714286","14","13","0","0","0","13","8","6","22","74","0.2972972972972973","1.2727272727272727","4","4","7","3","5.571428571428571","8","0.6599500448262402","0.7660521393243818","21","20","1","0","0","0","0","0","3","3","6","14","0.9642857142857143","N/A","N/A","N/A"
"fixed-14-9-5-2c","104729","production","21","14","0","{""6"":14}","11","9","0.8461538461538461","0.6923076923076923","77","1","91","0.9642857142857143","0.9285714285714286","14","13","0","0","0","13","8","6","20","74","0.2702702702702703","1.3181818181818181","4","5","9","1","5.571428571428571","9.285714285714286","0.6599500448262402","0.8392573631670716","21","20","1","0","0","0","0","0","0","0","0","14","0.9642857142857143","N/A","N/A","N/A"
"fixed-14-9-5-2c","104729","courtmate-beneficial-rescue","21","14","0","{""6"":14}","11","9","0.8461538461538464","0.6923076923076923","77","1","91","0.9642857142857143","0.9285714285714286","14","13","0","0","0","13","8","6","25","74","0.33783783783783783","1.3181818181818181","4","4","9","2","5.714285714285714","8.428571428571429","0.6728185283703983","0.7926405576900798","21","20","1","0","0","0","0","0","2","2","4","14","0.9642857142857143","N/A","N/A","N/A"
"fixed-14-10-4-2c","1","production","21","14","2","{""5"":4,""6"":6,""7"":4}","10.428571428571429","8","0.8021978021978022","0.6153846153846154","73","0","91","1","1","14","14","0","2","2","10","11","5","17","74","0.22972972972972974","1.3181818181818181","3","4","7","0","5.857142857142857","8.142857142857142","0.6825490076623202","0.7583214267187428","21","20","1","0","0","0","0","0","0","0","0","14","1","N/A","N/A","N/A"
"fixed-14-10-4-2c","1","production","100","14","3","{""27"":4,""29"":8,""30"":2}","13","13","1","1","91","14","91","0.8571428571428571","0.7142857142857143","14","10","0","3","3","49","51","16","67","390","0.1717948717948718","1.4653465346534653","3","6","13","3","13","12.857142857142858","0.9742388199103652","0.93268676578129","100","99","1","0","0","0","0","0","0","0","0","14","0.8571428571428571","33","0.8342857142857143","0.6685714285714284"
"fixed-14-10-4-2c","1","courtmate-beneficial-rescue","21","14","2","{""5"":4,""6"":6,""7"":4}","10.714285714285714","9","0.8241758241758242","0.6923076923076923","75","2","91","1","1","14","14","0","2","2","9","12","5","23","74","0.3108108108108108","1.3181818181818181","4","4","8","0","6","7.571428571428571","0.6954174912064783","0.7152758088402325","21","20","1","0","0","0","0","0","3","1.5","3","14","1","N/A","N/A","N/A"
"fixed-14-10-4-2c","1","courtmate-beneficial-rescue","100","14","3","{""27"":4,""29"":8,""30"":2}","13","13","1","1","91","14","91","1","1","14","14","0","3","3","48","52","8","76","390","0.19487179487179487","1.4653465346534653","3","6","12","0","12.857142857142858","13","0.9738225858303167","0.9088905644197222","100","99","1","0","0","0","0","0","3","1.5","3","14","1","30","0.9828571428571428","0.9657142857142859"
"fixed-14-10-4-2c","4729","production","21","14","0","{""6"":14}","10.285714285714286","9","0.7912087912087912","0.6923076923076923","72","1","91","0.8571428571428571","0.7142857142857143","14","10","0","0","0","12","9","6","16","74","0.21621621621621623","1.3295454545454546","4","4","7","2","5.714285714285714","8.714285714285714","0.6728185283703983","0.8030804768844177","21","20","1","0","0","0","0","0","0","0","0","14","0.8571428571428571","N/A","N/A","N/A"
"fixed-14-10-4-2c","4729","production","100","14","4","{""26"":4,""29"":4,""30"":6}","13","13","1","1","91","14","91","0.9642857142857143","0.9285714285714286","14","13","0","4","4","48","52","12","75","390","0.19230769230769232","1.4504950495049505","4","5","16","3","13","13","0.9748594309073709","0.9317563819013834","100","99","1","0","0","0","0","0","0","0","0","14","0.9642857142857143","41","0.9528571428571431","0.9057142857142854"
"fixed-14-10-4-2c","4729","courtmate-beneficial-rescue","21","14","0","{""6"":14}","10.428571428571429","9","0.8021978021978021","0.6923076923076923","73","2","91","0.9642857142857143","0.9285714285714286","14","13","0","0","0","10","11","6","23","74","0.3108108108108108","1.2727272727272727","4","4","7","2","5.714285714285714","8","0.6728185283703983","0.7281430671109795","21","20","1","0","0","0","0","0","2","1","2","14","0.9642857142857143","N/A","N/A","N/A"
"fixed-14-10-4-2c","4729","courtmate-beneficial-rescue","100","14","4","{""26"":4,""29"":4,""30"":6}","13","13","1","1","91","14","91","0.9285714285714286","0.8571428571428571","14","12","0","4","4","49","51","8","80","390","0.20512820512820512","1.4504950495049505","3","4","14","2","12.857142857142858","13","0.9661979581824178","0.9080532869432718","100","99","1","0","0","0","0","0","2","1","2","14","0.9285714285714286","31","0.9828571428571425","0.9657142857142859"
"fixed-14-10-4-2c","104729","production","21","14","0","{""6"":14}","11","9","0.8461538461538461","0.6923076923076923","77","1","91","0.9642857142857143","0.9285714285714286","14","13","0","0","0","8","13","6","16","74","0.21621621621621623","1.3295454545454546","4","4","7","1","6","8.714285714285714","0.6985554954587145","0.8062347030292943","21","20","1","0","0","0","0","0","0","0","0","14","0.9642857142857143","N/A","N/A","N/A"
"fixed-14-10-4-2c","104729","production","100","14","1","{""28"":6,""29"":8}","13","13","1","1","91","14","91","1","1","14","14","0","1","1","46","54","11","61","390","0.1564102564102564","1.4603960396039604","3","4","8","4","13","13","0.9856462948103114","0.9289520693196043","100","99","1","0","0","0","0","0","0","0","0","14","1","76","0.9514285714285713","0.902857142857143"
"fixed-14-10-4-2c","104729","courtmate-beneficial-rescue","21","14","0","{""6"":14}","11.285714285714286","10","0.8681318681318683","0.7692307692307693","79","3","91","1","1","14","14","0","0","0","10","11","5","20","74","0.2702702702702703","1.3181818181818181","4","4","7","2","6","8.285714285714286","0.6985554954587145","0.7529454797062265","21","20","1","0","0","0","0","0","1","0.5","1","14","1","N/A","N/A","N/A"
"fixed-14-10-4-2c","104729","courtmate-beneficial-rescue","100","14","1","{""28"":6,""29"":8}","13","13","1","1","91","14","91","1","1","14","14","0","1","1","43","57","8","67","390","0.1717948717948718","1.4603960396039604","4","4","8","2","13","13","0.9784925086701568","0.9073326053356814","100","99","1","0","0","0","0","0","1","0.5","1","14","1","33","0.9571428571428572","0.9142857142857145"
"balanced-10-5-5-1c","1","production","15","10","0","{""6"":10}","8.8","8","0.9777777777777779","0.8888888888888888","44","8","45","1","1","10","10","0","0","0","11","4","4","4","50","0.08","1.3666666666666667","3","3","3","1","5.8","8","0.7944338850000134","0.904743802857166","15","15","0","0","0","0","0","0","0","0","0","10","1","N/A","N/A","N/A"
"balanced-10-5-5-1c","1","courtmate-beneficial-rescue","15","10","0","{""6"":10}","9","9","1","1","45","10","45","1","1","10","10","0","0","0","11","4","4","7","50","0.14","1.3666666666666667","3","3","3","0","5.6","7","0.7734028932142982","0.8601043398214474","15","15","0","0","0","0","0","0","1","0.5","1","10","1","N/A","N/A","N/A"
"balanced-10-5-5-1c","4729","production","15","10","0","{""6"":10}","9","9","1","1","45","10","45","1","1","10","10","0","0","0","11","4","4","6","50","0.12","1.3666666666666667","3","3","3","0","5.6","8","0.7734028932142982","0.904743802857166","15","15","0","0","0","0","0","0","0","0","0","10","1","N/A","N/A","N/A"
"balanced-10-5-5-1c","4729","courtmate-beneficial-rescue","15","10","0","{""6"":10}","9","9","1","1","45","10","45","1","1","10","10","0","0","0","11","4","4","7","50","0.14","1.3666666666666667","3","3","3","0","5.6","7","0.7734028932142982","0.8601043398214474","15","15","0","0","0","0","0","0","1","0.5","1","10","1","N/A","N/A","N/A"
"balanced-10-5-5-1c","104729","production","15","10","0","{""6"":10}","9","9","1","1","45","10","45","1","1","10","10","0","0","0","11","4","4","6","50","0.12","1.3666666666666667","3","3","3","0","5.8","8","0.7944338850000134","0.9087128110714507","15","15","0","0","0","0","0","0","0","0","0","10","1","N/A","N/A","N/A"
"balanced-10-5-5-1c","104729","courtmate-beneficial-rescue","15","10","0","{""6"":10}","9","9","1","1","45","10","45","1","1","10","10","0","0","0","11","4","4","7","50","0.14","1.3666666666666667","3","3","3","0","5.8","7","0.7944338850000134","0.8442283069643084","15","15","0","0","0","0","0","0","1","0.5","1","10","1","N/A","N/A","N/A"
"balanced-10-5-5-2c","1","production","15","10","2","{""5"":4,""6"":2,""7"":4}","5.8","3","0.6444444444444444","0.3333333333333333","29","0","45","0.5","0","10","0","0","2","2","15","0","7","37","54","0.6851851851851852","0.4375","2","4","5","0","3.4","5","0.5175994749248436","0.674850387802101","15","14","1","0","0","0","0","0","0","0","0","10","0.5","N/A","N/A","N/A"
"balanced-10-5-5-2c","1","production","100","10","4","{""38"":4,""41"":4,""42"":2}","9","9","1","1","45","10","45","0.5","0","10","0","0","4","4","100","0","42","261","394","0.6624365482233503","0.4900990099009901","2","7","10","0","5","8.8","0.6928087713295396","0.9297469841056284","100","99","1","0","0","0","0","0","0","0","0","10","0.5","33","0.5","0"
"balanced-10-5-5-2c","1","courtmate-beneficial-rescue","15","10","2","{""5"":4,""6"":2,""7"":4}","5.8","3","0.6444444444444444","0.3333333333333333","29","0","45","0.5","0","10","0","0","2","2","15","0","7","36","54","0.6666666666666666","0.4375","2","4","5","0","3.4","5","0.5175994749248436","0.6733215210980172","15","14","1","0","0","0","0","0","0","0","0","10","0.5","N/A","N/A","N/A"
"balanced-10-5-5-2c","1","courtmate-beneficial-rescue","100","10","4","{""38"":4,""41"":4,""42"":2}","9","9","1","1","45","10","45","0.5","0","10","0","0","4","4","100","0","42","260","394","0.6598984771573604","0.4900990099009901","2","7","10","0","5","9","0.6913532470201035","0.9306133808279918","100","99","1","0","0","0","0","0","0","0","0","10","0.5","57","0.5","0"
"balanced-10-5-5-2c","4729","production","15","10","4","{""4"":1,""5"":4,""7"":4,""8"":1}","4","4","0.44444444444444453","0.4444444444444444","20","0","45","0.5","0","10","0","0","4","4","0","15","8","42","54","0.7777777777777778","0.421875","2","7","7","0","4","4","0.6084168748763801","0.6238600030538843","15","14","1","0","0","0","0","0","0","0","0","10","0.5","N/A","N/A","N/A"
"balanced-10-5-5-2c","4729","production","100","10","16","{""32"":1,""33"":4,""47"":4,""48"":1}","4","4","0.44444444444444453","0.4444444444444444","20","0","45","0.5","0","10","0","0","16","16","0","100","48","297","394","0.7538071065989848","0.4876237623762376","3","13","16","0","4","4","0.6303984760271849","0.6307650080969098","100","99","1","0","0","0","0","0","0","0","0","10","0.5","N/A","0.5","0"
"balanced-10-5-5-2c","4729","courtmate-beneficial-rescue","15","10","2","{""5"":2,""6"":6,""7"":2}","5","3","0.5555555555555556","0.3333333333333333","25","0","45","0.5","0","10","0","0","2","2","15","0","7","36","54","0.6666666666666666","0.40625","1","4","6","0","3","4.6","0.4763668272532393","0.6352490778488871","15","14","1","0","0","0","0","0","0","0","0","10","0.5","N/A","N/A","N/A"
"balanced-10-5-5-2c","4729","courtmate-beneficial-rescue","100","10","9","{""35"":4,""43"":4,""44"":2}","9","9","1","1","45","10","45","0.5","0","10","0","0","9","9","100","0","44","244","394","0.6192893401015228","0.48514851485148514","2","4","12","0","5","9","0.7132442458587664","0.9621876369969209","100","99","1","0","0","0","0","0","0","0","0","10","0.5","63","0.5","0"
"balanced-10-5-5-2c","104729","production","15","10","2","{""5"":2,""6"":6,""7"":2}","5.8","5","0.6444444444444444","0.5555555555555556","29","2","45","0.5","0","10","0","0","2","2","15","0","7","37","54","0.6851851851851852","0.4375","2","3","7","0","3.4","5","0.5212181850695675","0.6832996331594198","15","14","1","0","0","0","0","0","0","0","0","10","0.5","N/A","N/A","N/A"
"balanced-10-5-5-2c","104729","production","100","10","2","{""39"":4,""40"":2,""41"":4}","9","9","1","1","45","10","45","0.5","0","10","0","0","2","2","100","0","41","245","394","0.6218274111675127","0.4900990099009901","2","4","7","0","5","9","0.7183268831720371","0.9728916726589638","100","99","1","0","0","0","0","0","0","0","0","10","0.5","38","0.5","0"
"balanced-10-5-5-2c","104729","courtmate-beneficial-rescue","15","10","2","{""5"":2,""6"":6,""7"":2}","5.8","5","0.6444444444444444","0.5555555555555556","29","2","45","0.5","0","10","0","0","2","2","15","0","7","36","54","0.6666666666666666","0.4375","2","3","7","0","3.4","5","0.5212181850695674","0.6774048574196228","15","14","1","0","0","0","0","0","0","0","0","10","0.5","N/A","N/A","N/A"
"balanced-10-5-5-2c","104729","courtmate-beneficial-rescue","100","10","2","{""39"":4,""40"":2,""41"":4}","9","9","1","1","45","10","45","0.5","0","10","0","0","2","2","100","0","41","244","394","0.6192893401015228","0.4900990099009901","2","4","7","0","5","9","0.7229662890965936","0.970789968662723","100","99","1","0","0","0","0","0","0","0","0","10","0.5","37","0.5","0"
"balanced-12-6-6-2c","1","production","18","12","2","{""5"":4,""6"":4,""7"":4}","5.666666666666667","3","0.5151515151515152","0.2727272727272727","34","0","66","0.5","0","12","0","0","2","2","18","0","7","25","64","0.390625","0.868421052631579","3","3","6","1","3.3333333333333335","5.5","0.4498532942701879","0.6410751650136953","18","17","1","0","0","0","0","0","0","0","0","12","0.5","N/A","N/A","N/A"
"balanced-12-6-6-2c","1","courtmate-beneficial-rescue","18","12","2","{""5"":4,""6"":4,""7"":4}","5.666666666666667","3","0.5151515151515152","0.2727272727272727","34","0","66","0.8333333333333334","0.6666666666666666","12","8","0","2","2","16","2","5","24","64","0.375","0.8947368421052632","3","3","5","1","3.3333333333333335","5","0.4559147227341443","0.5768439222506995","18","17","1","0","0","0","0","0","0","0","0","12","0.8333333333333334","N/A","N/A","N/A"
"balanced-12-6-6-2c","4729","production","18","12","0","{""6"":12}","4","3","0.3636363636363636","0.2727272727272727","24","0","66","0.5833333333333334","0.16666666666666666","12","2","0","0","0","6","12","6","18","64","0.28125","0.881578947368421","4","4","5","0","3","3.6666666666666665","0.43997262459945724","0.5027457496667106","18","17","1","0","0","0","0","0","0","0","0","12","0.5833333333333334","N/A","N/A","N/A"
"balanced-12-6-6-2c","4729","courtmate-beneficial-rescue","18","12","0","{""6"":12}","7","5","0.6363636363636364","0.45454545454545453","42","0","66","1","1","12","12","0","0","0","14","4","5","24","64","0.375","0.868421052631579","4","4","5","0","4","5.666666666666667","0.5423889951693761","0.6228921967080808","18","17","1","0","0","0","0","0","0","0","0","12","1","N/A","N/A","N/A"
"balanced-12-6-6-2c","104729","production","18","12","0","{""6"":12}","7.666666666666667","6","0.6969696969696971","0.5454545454545454","46","0","66","0.5","0","12","0","0","0","0","18","0","6","23","64","0.359375","0.8157894736842105","2","3","8","0","4.833333333333333","6.5","0.6348076371855909","0.711113852080012","18","17","1","0","0","0","0","0","0","0","0","12","0.5","N/A","N/A","N/A"
"balanced-12-6-6-2c","104729","courtmate-beneficial-rescue","18","12","0","{""6"":12}","9","7","0.8181818181818183","0.6363636363636364","54","4","66","1","1","12","12","0","0","0","12","6","4","28","64","0.4375","0.8421052631578947","3","3","8","0","5.333333333333333","7","0.6829851082385723","0.6931902532426788","18","17","1","0","0","0","0","0","1","0.5","1","12","1","N/A","N/A","N/A"
"balanced-16-8-8-2c","1","production","24","16","2","{""5"":4,""6"":8,""7"":4}","11.5","9","0.7666666666666666","0.6","92","0","120","1","1","16","16","0","2","2","13","11","5","9","84","0.10714285714285714","1.78","4","4","8","3","6","9.375","0.6590412353729554","0.800178989825869","24","23","1","0","0","1","1","0","0","0","0","16","1","N/A","N/A","N/A"
"balanced-16-8-8-2c","1","production","100","16","2","{""24"":4,""25"":8,""26"":4}","15","15","1","1","120","16","120","0.96875","0.9375","16","15","0","2","2","57","43","10","55","388","0.14175257731958762","1.9455445544554455","4","6","13","16","15","15","0.9640044067905575","0.9150920112821567","100","99","1","0","0","1","1","0","0","0","0","16","0.96875","58","0.96625","0.9325"
"balanced-16-8-8-2c","4729","production","24","16","2","{""5"":4,""6"":8,""7"":4}","8.25","4","0.5499999999999999","0.26666666666666666","66","0","120","0.9375","0.875","16","14","0","2","2","13","11","6","18","84","0.21428571428571427","1.75","4","5","7","5","4.875","7.25","0.5574101811360825","0.6738938985917121","24","23","1","0","0","1","1","0","0","0","0","16","0.9375","N/A","N/A","N/A"
"balanced-16-8-8-2c","4729","production","100","16","3","{""23"":4,""25"":4,""26"":8}","15","15","1","1","120","16","120","0.96875","0.9375","16","15","0","3","3","50","50","13","58","388","0.14948453608247422","1.9306930693069306","4","5","16","14","14.75","14.625","0.9627581773496581","0.9031411596001365","100","99","1","0","0","1","1","0","0","0","0","16","0.96875","75","0.98375","0.9675"
"balanced-16-8-8-2c","104729","production","24","16","2","{""5"":4,""6"":8,""7"":4}","12","9","0.8","0.6","96","0","120","1","1","16","16","0","2","2","15","9","4","11","84","0.13095238095238096","1.76","4","4","9","2","5.875","9.5","0.6480716057382491","0.8060865067534762","24","23","1","0","0","1","1","0","0","0","0","16","1","N/A","N/A","N/A"
"balanced-16-8-8-2c","104729","production","100","16","0","{""25"":16}","15","15","1","1","120","16","120","0.90625","0.8125","16","13","0","0","0","58","42","8","39","388","0.10051546391752578","1.9356435643564356","4","4","9","14","15","15","0.967364412270715","0.9295008984464326","100","99","1","0","0","1","1","0","0","0","0","16","0.90625","56","0.97375","0.9475"
"balanced-18-9-9-3c","1","production","27","18","2","{""5"":4,""6"":10,""7"":4}","11","7","0.6470588235294117","0.4117647058823529","99","0","153","1","1","18","18","0","2","2","14","13","6","29","98","0.29591836734693877","1.293103448275862","4","5","11","1","6","8.88888888888889","0.6302029030367079","0.7440407823885632","27","25","2","0","0","1","1","0","0","0","0","18","1","N/A","N/A","N/A"
"balanced-18-9-9-3c","4729","production","27","18","2","{""5"":6,""6"":6,""7"":6}","12.11111111111111","8","0.7124183006535948","0.47058823529411764","109","0","153","1","1","18","18","0","2","2","15","12","4","18","98","0.1836734693877551","1.3103448275862069","3","4","13","0","5.777777777777778","9.666666666666666","0.6104580746724583","0.7755303732357148","27","25","2","0","0","1","1","0","0","0","0","18","1","N/A","N/A","N/A"
"balanced-18-9-9-3c","104729","production","27","18","2","{""5"":4,""6"":10,""7"":4}","11","7","0.6470588235294117","0.4117647058823529","99","0","153","0.9444444444444444","0.8888888888888888","18","16","0","2","2","19","8","6","34","98","0.3469387755102041","1.2413793103448276","4","6","13","0","5.666666666666667","9","0.597582830754278","0.7377779922464153","27","25","2","0","0","1","1","0","0","0","0","18","0.9444444444444444","N/A","N/A","N/A"
"edge-14-11-3-2c","1","production","21","14","3","{""4"":1,""5"":4,""6"":3,""7"":6}","7.714285714285714","4","0.5934065934065934","0.3076923076923077","54","0","91","0.75","0.5","11","4","3","3","3","7","14","7","21","74","0.28378378378378377","1.3295454545454546","4","5","6","1","5.428571428571429","7.142857142857143","0.6356609981454769","0.7179201158479424","21","20","1","0","0","0","0","0","0","0","0","14","0.75","N/A","N/A","N/A"
"edge-14-11-3-2c","1","courtmate-beneficial-rescue","21","14","3","{""4"":1,""5"":4,""6"":3,""7"":6}","7.714285714285714","4","0.5934065934065933","0.3076923076923077","54","0","91","0.75","0.5","11","4","3","3","3","7","14","7","22","74","0.2972972972972973","1.3295454545454546","4","5","6","1","5.285714285714286","6.714285714285714","0.6246308693933414","0.6983741187381677","21","20","1","0","0","0","0","0","0","0","0","14","0.75","N/A","N/A","N/A"
"edge-14-11-3-2c","4729","production","21","14","2","{""5"":2,""6"":10,""7"":2}","10.428571428571429","8","0.8021978021978022","0.6153846153846154","73","1","91","0.8928571428571429","0.7857142857142857","11","8","3","2","2","8","13","7","20","74","0.2702702702702703","1.3068181818181819","4","6","7","2","5.714285714285714","8.571428571428571","0.6828089237250438","0.7946488796378135","21","20","1","0","0","0","0","0","0","0","0","14","0.8928571428571429","N/A","N/A","N/A"
"edge-14-11-3-2c","4729","courtmate-beneficial-rescue","21","14","2","{""5"":2,""6"":10,""7"":2}","10.285714285714286","8","0.7912087912087914","0.6153846153846154","72","0","91","0.9285714285714286","0.8571428571428571","11","9","3","2","2","8","13","7","23","74","0.3108108108108108","1.3295454545454546","4","7","8","2","6","8","0.7067075360213373","0.7563332310013661","21","20","1","0","0","0","0","0","1","0.5","1","14","0.9285714285714286","N/A","N/A","N/A"
"edge-14-11-3-2c","104729","production","21","14","0","{""6"":14}","10.714285714285714","9","0.8241758241758242","0.6923076923076923","75","1","91","0.9285714285714286","0.8571428571428571","11","9","3","0","0","9","12","6","20","74","0.2702702702702703","1.3068181818181819","4","5","8","1","6","9.428571428571429","0.7089839756409644","0.8432630405893303","21","20","1","0","0","0","0","0","0","0","0","14","0.9285714285714286","N/A","N/A","N/A"
"edge-14-11-3-2c","104729","courtmate-beneficial-rescue","21","14","0","{""6"":14}","11","9","0.8461538461538464","0.6923076923076923","77","1","91","0.9285714285714286","0.8571428571428571","11","9","3","0","0","9","12","6","23","74","0.3108108108108108","1.3295454545454546","4","5","8","0","5.857142857142857","8.571428571428571","0.6961154920968063","0.7942176707625183","21","20","1","0","0","0","0","0","1","0.5","1","14","0.9285714285714286","N/A","N/A","N/A"
"edge-8-8-0-2c","1","production","12","8","2","{""5"":4,""7"":4}","3","3","0.4285714285714285","0.42857142857142855","12","0","28","1","1","0","0","8","2","2","0","12","7","44","44","1","0","0","0","3","0","3","3","0.548307016359333","0.5607336736388641","12","11","1","0","0","0","0","0","0","0","0","8","1","N/A","N/A","N/A"
"edge-8-8-0-2c","1","courtmate-beneficial-rescue","12","8","2","{""5"":4,""7"":4}","3","3","0.4285714285714285","0.42857142857142855","12","0","28","1","1","0","0","8","2","2","0","12","7","44","44","1","0","0","0","3","0","3","3","0.548307016359333","0.5607336736388641","12","11","1","0","0","0","0","0","0","0","0","8","1","N/A","N/A","N/A"
"edge-8-8-0-2c","4729","production","12","8","4","{""4"":4,""8"":4}","3","3","0.4285714285714285","0.42857142857142855","12","0","28","1","1","0","0","8","4","4","0","12","8","44","44","1","0","0","0","6","0","3","3","0.5452246348344548","0.559372116205771","12","11","1","0","0","0","0","0","0","0","0","8","1","N/A","N/A","N/A"
"edge-8-8-0-2c","4729","courtmate-beneficial-rescue","12","8","4","{""4"":4,""8"":4}","3","3","0.4285714285714285","0.42857142857142855","12","0","28","1","1","0","0","8","4","4","0","12","8","44","44","1","0","0","0","6","0","3","3","0.5452246348344548","0.559372116205771","12","11","1","0","0","0","0","0","0","0","0","8","1","N/A","N/A","N/A"
"edge-8-8-0-2c","104729","production","12","8","2","{""5"":4,""7"":4}","3","3","0.4285714285714285","0.42857142857142855","12","0","28","1","1","0","0","8","2","2","0","12","7","44","44","1","0","0","0","4","0","3","3","0.548307016359333","0.5607336736388641","12","11","1","0","0","0","0","0","0","0","0","8","1","N/A","N/A","N/A"
"edge-8-8-0-2c","104729","courtmate-beneficial-rescue","12","8","2","{""5"":4,""7"":4}","3","3","0.4285714285714285","0.42857142857142855","12","0","28","1","1","0","0","8","2","2","0","12","7","44","44","1","0","0","0","4","0","3","3","0.548307016359333","0.5607336736388641","12","11","1","0","0","0","0","0","0","0","0","8","1","N/A","N/A","N/A"
"edge-6-3-3-1c","1","production","9","6","0","{""6"":6}","5","5","1","1","15","6","15","1","1","0","0","6","0","0","9","0","6","17","30","0.5666666666666667","0.4444444444444444","1","2","2","0","3","5","1","0.969256137066172","9","9","0","0","0","0","0","0","0","0","0","6","1","N/A","N/A","N/A"
"edge-6-3-3-1c","1","courtmate-beneficial-rescue","9","6","0","{""6"":6}","5","5","1","1","15","6","15","1","1","0","0","6","0","0","9","0","6","16","30","0.5333333333333333","0.4444444444444444","1","1","1","0","3","5","1","0.969256137066172","9","9","0","0","0","0","0","0","0","0","0","6","1","N/A","N/A","N/A"
"edge-6-3-3-1c","4729","production","9","6","0","{""6"":6}","5","5","1","1","15","6","15","1","1","0","0","6","0","0","9","0","6","17","30","0.5666666666666667","0.4444444444444444","1","2","2","0","3","5","1","0.969256137066172","9","9","0","0","0","0","0","0","0","0","0","6","1","N/A","N/A","N/A"
"edge-6-3-3-1c","4729","courtmate-beneficial-rescue","9","6","0","{""6"":6}","5","5","1","1","15","6","15","1","1","0","0","6","0","0","9","0","6","16","30","0.5333333333333333","0.4444444444444444","1","1","1","0","3","5","1","0.969256137066172","9","9","0","0","0","0","0","0","0","0","0","6","1","N/A","N/A","N/A"
"edge-6-3-3-1c","104729","production","9","6","0","{""6"":6}","5","5","1","1","15","6","15","1","1","0","0","6","0","0","9","0","6","17","30","0.5666666666666667","0.4444444444444444","1","2","2","0","3","5","1","0.969256137066172","9","9","0","0","0","0","0","0","0","0","0","6","1","N/A","N/A","N/A"
"edge-6-3-3-1c","104729","courtmate-beneficial-rescue","9","6","0","{""6"":6}","5","5","1","1","15","6","15","1","1","0","0","6","0","0","9","0","6","16","30","0.5333333333333333","0.4444444444444444","1","1","1","0","3","5","1","0.9692561370661719","9","9","0","0","0","0","0","0","0","0","0","6","1","N/A","N/A","N/A"
"dynamic-arrival-12-6-6-to-14-after-8","1","production","21","14","2","{""5"":3,""6"":8,""7"":3}","9.857142857142858","7","0.7582417582417582","0.5384615384615384","69","0","91","0.8571428571428571","0.7142857142857143","14","10","0","2","2","18","3","6","22","74","0.2972972972972973","1.1477272727272727","4","4","7","2","5.142857142857143","8.285714285714286","0.6168707612988377","0.7885610708424522","21","20","1","0","0","0","0","0","0","0","0","14","0.8571428571428571","N/A","N/A","N/A"
"dynamic-arrival-12-6-6-to-14-after-8","1","production","100","14","4","{""26"":1,""27"":3,""28"":1,""29"":5,""30"":4}","13","13","1","1","91","14","91","0.8571428571428571","0.7142857142857143","14","10","0","4","3","71","29","11","91","390","0.23333333333333334","1.4207920792079207","4","6","13","5","12.857142857142858","13","0.9529273556965546","0.9513033903938718","100","99","1","0","0","0","0","0","0","0","0","14","0.8571428571428571","57","0.95","0.9000000000000002"
"dynamic-arrival-12-6-6-to-14-after-8","1","courtmate-beneficial-rescue","21","14","2","{""5"":3,""6"":8,""7"":3}","10.571428571428571","8","0.8131868131868131","0.6153846153846154","74","1","91","0.9642857142857143","0.9285714285714286","14","13","0","2","2","16","5","6","25","74","0.33783783783783783","1.1477272727272727","4","4","7","2","5.428571428571429","8.428571428571429","0.643992716176096","0.7887652241572434","21","20","1","0","0","0","0","0","2","1.5","3","14","0.9642857142857143","N/A","N/A","N/A"
"dynamic-arrival-12-6-6-to-14-after-8","1","courtmate-beneficial-rescue","100","14","4","{""26"":1,""27"":3,""28"":1,""29"":5,""30"":4}","13","13","1","1","91","14","91","1","1","14","14","0","4","3","71","29","10","99","390","0.25384615384615383","1.4232673267326732","4","6","13","3","13","13","0.9521222780872017","0.9474167487788565","100","99","1","0","0","0","0","0","3","2.5","5","14","1","34","0.9885714285714287","0.9771428571428571"
"dynamic-arrival-12-6-6-to-14-after-8","4729","production","21","14","2","{""5"":2,""6"":10,""7"":2}","9","7","0.6923076923076925","0.5384615384615384","63","0","91","0.5","0","14","0","0","2","1","21","0","7","23","74","0.3108108108108108","1.125","4","5","6","4","4.714285714285714","7.285714285714286","0.58576602841523","0.727197016345471","21","20","1","0","0","0","0","0","0","0","0","14","0.5","N/A","N/A","N/A"
"dynamic-arrival-12-6-6-to-14-after-8","4729","production","100","14","4","{""26"":4,""28"":1,""29"":2,""30"":7}","13","13","1","1","91","14","91","0.5714285714285714","0.14285714285714285","14","2","0","4","4","74","26","9","99","390","0.25384615384615383","1.4108910891089108","4","5","16","10","12.857142857142858","13","0.9412199624316465","0.9480389736927356","100","99","1","0","0","0","0","0","0","0","0","14","0.5714285714285714","62","0.9471428571428572","0.8942857142857141"
"dynamic-arrival-12-6-6-to-14-after-8","4729","courtmate-beneficial-rescue","21","14","2","{""5"":2,""6"":10,""7"":2}","9","5","0.6923076923076925","0.38461538461538464","63","0","91","0.9285714285714286","0.8571428571428571","14","12","0","2","1","9","12","6","27","74","0.36486486486486486","1.0909090909090908","4","6","6","3","5.285714285714286","7","0.6354016077998399","0.6986596690467829","21","20","1","0","0","0","0","0","0","0","0","14","0.9285714285714286","N/A","N/A","N/A"
"dynamic-arrival-12-6-6-to-14-after-8","4729","courtmate-beneficial-rescue","100","14","4","{""26"":4,""29"":4,""30"":6}","13","13","1","1","91","14","91","0.8928571428571429","0.7857142857142857","14","11","0","4","4","66","34","9","105","390","0.2692307692307692","1.4108910891089108","4","6","15","5","12.428571428571429","12.857142857142858","0.9430568495210092","0.9262605235751046","100","99","1","0","0","0","0","0","2","1","2","14","0.8928571428571429","63","0.9785714285714283","0.9571428571428572"
"dynamic-arrival-12-6-6-to-14-after-8","104729","production","21","14","3","{""4"":2,""6"":8,""7"":4}","9.428571428571429","7","0.7252747252747254","0.5384615384615384","66","0","91","0.8571428571428571","0.7142857142857143","14","10","0","3","1","16","5","6","19","74","0.25675675675675674","1.125","4","4","7","1","5.428571428571429","8.142857142857142","0.6425891170205356","0.7727470753756053","21","20","1","0","0","0","0","0","0","0","0","14","0.8571428571428571","N/A","N/A","N/A"
"dynamic-arrival-12-6-6-to-14-after-8","104729","production","100","14","2","{""27"":2,""28"":2,""29"":10}","13","13","1","1","91","14","91","0.8571428571428571","0.7142857142857143","14","10","0","2","1","66","34","10","64","390","0.1641025641025641","1.4207920792079207","3","4","7","7","13","13","0.9734697948515255","0.9496948419234478","100","99","1","0","0","0","0","0","0","0","0","14","0.8571428571428571","49","0.9614285714285711","0.9228571428571429"
"dynamic-arrival-12-6-6-to-14-after-8","104729","courtmate-beneficial-rescue","21","14","3","{""4"":1,""5"":1,""6"":9,""7"":3}","10","7","0.7692307692307692","0.5384615384615384","70","0","91","0.9642857142857143","0.9285714285714286","14","13","0","3","1","16","5","5","25","74","0.33783783783783783","1.125","4","4","8","2","5.428571428571429","7.428571428571429","0.6445104267862554","0.7320224000189418","21","20","1","0","0","0","0","0","2","1.5","3","14","0.9642857142857143","N/A","N/A","N/A"
"dynamic-arrival-12-6-6-to-14-after-8","104729","courtmate-beneficial-rescue","100","14","2","{""27"":2,""28"":2,""29"":10}","13","13","1","1","91","14","91","1","1","14","14","0","2","1","66","34","9","73","390","0.18717948717948718","1.4158415841584158","3","4","8","3","12.714285714285714","13","0.9582790064085474","0.9472434490754889","100","99","1","0","0","0","0","0","6","5","10","14","1","38","0.9885714285714287","0.9771428571428571"
"dynamic-feasibility-10-3-to-10-4-after-8","1","production","21","14","2","{""5"":4,""6"":6,""7"":4}","9.714285714285714","8","0.7472527472527473","0.6153846153846154","68","0","91","0.8571428571428571","0.7142857142857143","14","10","0","2","2","12","9","7","24","74","0.32432432432432434","1.2159090909090908","4","5","7","1","5.428571428571429","7.857142857142857","0.6485394440099024","0.7502704936488698","21","20","1","0","0","0","0","0","0","0","0","14","0.8571428571428571","N/A","N/A","N/A"
"dynamic-feasibility-10-3-to-10-4-after-8","1","courtmate-beneficial-rescue","21","14","2","{""5"":4,""6"":6,""7"":4}","10.285714285714286","8","0.7912087912087914","0.6153846153846154","72","1","91","0.8571428571428571","0.7142857142857143","14","10","0","2","2","11","10","6","27","74","0.36486486486486486","1.2159090909090908","4","5","7","2","5.285714285714286","7.857142857142857","0.6356709604657445","0.7525459069521487","21","20","1","0","0","0","0","0","0","0","0","14","0.8571428571428571","N/A","N/A","N/A"
"dynamic-feasibility-10-3-to-10-4-after-8","4729","production","21","14","2","{""5"":1,""6"":12,""7"":1}","10.857142857142858","9","0.8351648351648352","0.6923076923076923","76","2","91","0.8571428571428571","0.7142857142857143","14","10","0","2","1","12","9","7","23","74","0.3108108108108108","1.2386363636363635","4","5","6","2","6","8.428571428571429","0.6977709943956555","0.7977371305272705","21","20","1","0","0","0","0","0","0","0","0","14","0.8571428571428571","N/A","N/A","N/A"
"dynamic-feasibility-10-3-to-10-4-after-8","4729","courtmate-beneficial-rescue","21","14","2","{""5"":1,""6"":12,""7"":1}","10.714285714285714","9","0.8241758241758242","0.6923076923076923","75","1","91","0.8571428571428571","0.7142857142857143","14","10","0","2","1","12","9","7","24","74","0.32432432432432434","1.2386363636363635","5","5","6","1","5.857142857142857","7.857142857142857","0.6849025108514973","0.7459663797986893","21","20","1","0","0","0","0","0","0","0","0","14","0.8571428571428571","N/A","N/A","N/A"
"dynamic-feasibility-10-3-to-10-4-after-8","104729","production","21","14","0","{""6"":14}","10.571428571428571","7","0.8131868131868133","0.5384615384615384","74","1","91","0.9642857142857143","0.9285714285714286","14","13","0","0","1","8","13","6","21","74","0.28378378378378377","1.2272727272727273","4","5","8","0","6","8","0.6985554954587145","0.7660521393243819","21","20","1","0","0","0","0","0","0","0","0","14","0.9642857142857143","N/A","N/A","N/A"
"dynamic-feasibility-10-3-to-10-4-after-8","104729","courtmate-beneficial-rescue","21","14","2","{""5"":1,""6"":12,""7"":1}","10.714285714285714","9","0.8241758241758241","0.6923076923076923","75","2","91","1","1","14","14","0","2","1","8","13","5","27","74","0.36486486486486486","1.2045454545454546","4","5","8","1","6","7.857142857142857","0.6977709943956555","0.7386106979406114","21","20","1","0","0","0","0","0","0","0","0","14","1","N/A","N/A","N/A"
"dynamic-pause-resume-14-7-7-p1-at-6-12","1","production","21","14","3","{""4"":1,""5"":1,""6"":9,""7"":3}","10.428571428571429","7","0.8021978021978023","0.5384615384615384","73","1","91","1","1","14","14","0","3","3","12","9","5","24","74","0.32432432432432434","1.2613636363636365","4","4","8","0","5.857142857142857","8.285714285714286","0.6821967000227184","0.7843152319267946","21","20","1","0","0","0","0","0","0","0","0","14","1","N/A","N/A","N/A"
"dynamic-pause-resume-14-7-7-p1-at-6-12","1","production","100","14","3","{""27"":4,""29"":8,""30"":2}","13","13","1","1","91","14","91","0.5","0","14","0","0","3","3","70","30","13","83","390","0.2128205128205128","1.4579207920792079","4","6","11","4","13","13","0.9576893120793929","0.9486052435571618","100","99","1","0","0","0","0","0","0","0","0","14","0.5","38","0.7214285714285715","0.4428571428571428"
"dynamic-pause-resume-14-7-7-p1-at-6-12","1","courtmate-beneficial-rescue","21","14","3","{""4"":1,""5"":2,""6"":7,""7"":4}","11.285714285714286","9","0.8681318681318683","0.6923076923076923","79","1","91","0.9642857142857143","0.9285714285714286","14","13","0","3","3","13","8","4","27","74","0.36486486486486486","1.2386363636363635","4","4","9","0","5.857142857142857","8.571428571428571","0.6823313763556706","0.7961162054394805","21","20","1","0","0","0","0","0","1","0.5","1","14","0.9642857142857143","N/A","N/A","N/A"
"dynamic-pause-resume-14-7-7-p1-at-6-12","1","courtmate-beneficial-rescue","100","14","3","{""27"":4,""29"":8,""30"":2}","13","13","1","1","91","14","91","0.9642857142857143","0.9285714285714286","14","13","0","3","3","54","46","10","90","390","0.23076923076923078","1.448019801980198","4","6","13","2","12.857142857142858","12.857142857142858","0.9641152795946377","0.917851053659308","100","99","1","0","0","0","0","0","3","2","4","14","0.9642857142857143","33","0.9185714285714286","0.8371428571428571"
"dynamic-pause-resume-14-7-7-p1-at-6-12","4729","production","21","14","2","{""5"":1,""6"":12,""7"":1}","10.142857142857142","9","0.7802197802197803","0.6923076923076923","71","0","91","1","1","14","14","0","2","1","11","10","4","20","74","0.2702702702702703","1.2272727272727273","3","4","7","1","5.714285714285714","8.428571428571429","0.6729532047033507","0.7973324178828977","21","20","1","0","0","0","0","0","0","0","0","14","1","N/A","N/A","N/A"
"dynamic-pause-resume-14-7-7-p1-at-6-12","4729","production","100","14","4","{""26"":4,""29"":4,""30"":6}","13","13","1","1","91","14","91","0.8571428571428571","0.7142857142857143","14","10","0","4","4","66","34","10","95","390","0.24358974358974358","1.433168316831683","4","5","17","7","12.857142857142858","13","0.9577093036543963","0.9404251188028032","100","99","1","0","0","0","0","0","0","0","0","14","0.8571428571428571","57","0.9399999999999997","0.8800000000000001"
"dynamic-pause-resume-14-7-7-p1-at-6-12","4729","courtmate-beneficial-rescue","21","14","3","{""4"":1,""6"":11,""7"":2}","11.714285714285714","10","0.9010989010989012","0.7692307692307693","82","2","91","1","1","14","14","0","3","1","16","5","4","24","74","0.32432432432432434","1.2613636363636365","4","4","8","1","5.714285714285714","9.285714285714286","0.6719510723336419","0.8275484773093958","21","20","1","0","0","0","0","0","1","0.5","1","14","1","N/A","N/A","N/A"
"dynamic-pause-resume-14-7-7-p1-at-6-12","4729","courtmate-beneficial-rescue","100","14","4","{""26"":3,""27"":1,""28"":1,""29"":3,""30"":6}","13","13","1","1","91","14","91","0.8928571428571429","0.7857142857142857","14","11","0","4","4","64","36","7","88","390","0.22564102564102564","1.4405940594059405","4","5","14","3","13","12.857142857142858","0.9574165813173124","0.9344629111885252","100","99","1","0","0","0","0","0","3","1.5","3","14","0.8928571428571429","29","0.98","0.9599999999999999"
"dynamic-pause-resume-14-7-7-p1-at-6-12","104729","production","21","14","0","{""6"":14}","11.142857142857142","9","0.8571428571428573","0.6923076923076923","78","1","91","1","1","14","14","0","0","0","13","8","5","19","74","0.25675675675675674","1.2272727272727273","3","4","8","0","6","9","0.6985554954587145","0.8263888796229135","21","20","1","0","0","0","0","0","0","0","0","14","1","N/A","N/A","N/A"
"dynamic-pause-resume-14-7-7-p1-at-6-12","104729","production","100","14","1","{""28"":6,""29"":8}","13","13","1","1","91","14","91","0.6071428571428571","0.21428571428571427","14","3","0","1","1","72","28","13","73","390","0.18717948717948718","1.4405940594059405","4","5","9","5","13","13","0.9595117902890601","0.9578767360988836","100","99","1","0","0","0","0","0","0","0","0","14","0.6071428571428571","30","0.9142857142857141","0.8285714285714287"
"dynamic-pause-resume-14-7-7-p1-at-6-12","104729","courtmate-beneficial-rescue","21","14","0","{""6"":14}","11","9","0.8461538461538464","0.6923076923076923","77","0","91","1","1","14","14","0","0","0","15","6","5","22","74","0.2972972972972973","1.2159090909090908","4","4","7","1","5.857142857142857","9","0.6856870119145564","0.8263888796229135","21","20","1","0","0","0","0","0","4","2.5","5","14","1","N/A","N/A","N/A"
"dynamic-pause-resume-14-7-7-p1-at-6-12","104729","courtmate-beneficial-rescue","100","14","1","{""28"":6,""29"":8}","13","13","1","1","91","14","91","0.9285714285714286","0.8571428571428571","14","12","0","1","1","69","31","10","80","390","0.20512820512820512","1.4455445544554455","4","4","8","3","12.857142857142858","13","0.9550469862187233","0.9509558767610616","100","99","1","0","0","0","0","0","4","2.5","5","14","0.9285714285714286","38","0.9457142857142854","0.8914285714285713"
"dynamic-played-departure-as-pause-14-10-4-p14-after-8","1","production","21","14","4","{""3"":1,""5"":3,""6"":4,""7"":6}","10.285714285714286","7","0.7912087912087913","0.5384615384615384","72","0","91","0.9285714285714286","0.8571428571428571","14","12","0","2","2","7","14","7","22","74","0.2972972972972973","1.1818181818181819","3","5","8","0","5.714285714285714","8","0.6677173489134403","0.7652788325160331","21","20","1","0","0","0","0","0","0","0","0","13","0.9230769230769231","N/A","N/A","N/A"
"dynamic-played-departure-as-pause-14-10-4-p14-after-8","1","production","100","14","29","{""3"":1,""27"":3,""30"":2,""32"":8}","12.142857142857142","7","0.9340659340659342","0.5384615384615384","85","7","91","0.8571428571428571","0.7142857142857143","14","10","0","5","5","40","60","25","98","390","0.2512820512820513","1.2326732673267327","3","11","12","1","11.285714285714286","11.857142857142858","0.8933233862913782","0.8701180647943272","100","99","1","0","0","0","0","0","0","0","0","13","0.9615384615384616","N/A","0.7342857142857144","0.4685714285714284"
"dynamic-played-departure-as-pause-14-10-4-p14-after-8","1","courtmate-beneficial-rescue","21","14","4","{""3"":1,""5"":1,""6"":8,""7"":4}","10.428571428571429","7","0.8021978021978022","0.5384615384615384","73","0","91","1","1","14","14","0","2","2","8","13","5","24","74","0.32432432432432434","1.1704545454545454","3","6","8","0","6","7.428571428571429","0.6913466085438292","0.7094700574098479","21","20","1","0","0","0","0","0","2","1","2","14","1","N/A","N/A","N/A"
"dynamic-played-departure-as-pause-14-10-4-p14-after-8","1","courtmate-beneficial-rescue","100","14","29","{""3"":1,""27"":3,""30"":2,""32"":8}","12.142857142857142","7","0.9340659340659342","0.5384615384615384","85","7","91","0.8928571428571429","0.7857142857142857","14","11","0","5","5","40","60","26","104","390","0.26666666666666666","1.2326732673267327","3","11","12","2","11","11.857142857142858","0.8788127878852073","0.8539837034629046","100","99","1","0","0","0","0","0","2","1","2","14","0.8928571428571429","N/A","0.7299999999999999","0.46000000000000013"
"dynamic-played-departure-as-pause-14-10-4-p14-after-8","4729","production","21","14","3","{""4"":1,""5"":2,""6"":7,""7"":4}","9.714285714285714","7","0.7472527472527473","0.5384615384615384","68","1","91","0.8214285714285714","0.6428571428571429","14","9","0","2","2","10","11","7","19","74","0.25675675675675674","1.2159090909090908","4","5","7","2","5.714285714285714","7.857142857142857","0.6668891961026808","0.7427786907951697","21","20","1","0","0","0","0","0","0","0","0","13","0.9615384615384616","N/A","N/A","N/A"
"dynamic-played-departure-as-pause-14-10-4-p14-after-8","4729","production","100","14","29","{""4"":1,""25"":2,""26"":1,""28"":2,""33"":8}","12.142857142857142","7","0.9340659340659342","0.5384615384615384","85","7","91","0.5714285714285714","0.14285714285714285","14","2","0","8","8","40","60","26","89","390","0.2282051282051282","1.2425742574257426","4","13","16","4","11.285714285714286","11.857142857142858","0.8820505871933833","0.8632588511663031","100","99","1","0","0","0","0","0","0","0","0","13","0.6923076923076923","N/A","0.6628571428571428","0.32571428571428584"
"dynamic-played-departure-as-pause-14-10-4-p14-after-8","4729","courtmate-beneficial-rescue","21","14","6","{""1"":1,""5"":1,""6"":6,""7"":6}","10.285714285714286","3","0.7912087912087911","0.23076923076923078","72","0","91","0.8214285714285714","0.6428571428571429","14","9","0","2","2","9","12","7","25","74","0.33783783783783783","1.2045454545454546","3","5","8","0","5.857142857142857","8.285714285714286","0.656469588854655","0.7564225507330464","21","20","1","0","0","0","0","0","1","0.5","1","14","0.8214285714285714","N/A","N/A","N/A"
"dynamic-played-departure-as-pause-14-10-4-p14-after-8","4729","courtmate-beneficial-rescue","100","14","33","{""1"":1,""25"":1,""26"":2,""28"":2,""33"":6,""34"":2}","11.571428571428571","3","0.8901098901098902","0.23076923076923078","81","3","91","0.5714285714285714","0.14285714285714285","14","2","0","9","9","39","61","26","107","390","0.2743589743589744","1.2351485148514851","3","13","16","0","10.714285714285714","11.428571428571429","0.8428518690676604","0.8239143454362845","100","99","1","0","0","0","0","0","1","0.5","1","14","0.5714285714285714","N/A","0.6742857142857142","0.3485714285714285"
"dynamic-played-departure-as-pause-14-10-4-p14-after-8","104729","production","21","14","5","{""2"":1,""5"":2,""6"":5,""7"":6}","10.142857142857142","6","0.7802197802197802","0.46153846153846156","71","0","91","0.8214285714285714","0.6428571428571429","14","9","0","2","2","9","12","6","18","74","0.24324324324324326","1.1931818181818181","3","8","9","0","5.857142857142857","8.714285714285714","0.6703273623279583","0.8007138455652262","21","20","1","0","0","0","0","0","0","0","0","13","0.9615384615384616","N/A","N/A","N/A"
"dynamic-played-departure-as-pause-14-10-4-p14-after-8","104729","production","100","14","29","{""2"":1,""30"":5,""31"":8}","12","6","0.9230769230769232","0.46153846153846156","84","6","91","0.7857142857142857","0.5714285714285714","14","8","0","1","1","47","53","31","94","390","0.24102564102564103","1.24009900990099","3","8","9","0","11","11.714285714285714","0.8857553928887397","0.8907831192607877","100","99","1","0","0","0","0","0","0","0","0","13","0.9230769230769231","N/A","0.8342857142857144","0.6685714285714284"
"dynamic-played-departure-as-pause-14-10-4-p14-after-8","104729","courtmate-beneficial-rescue","21","14","4","{""3"":1,""6"":10,""7"":3}","10.142857142857142","7","0.7802197802197803","0.5384615384615384","71","0","91","0.9642857142857143","0.9285714285714286","14","13","0","1","1","9","12","6","27","74","0.36486486486486486","1.1477272727272727","4","6","7","0","5.714285714285714","8","0.6663941425185722","0.7577624437914635","21","20","1","0","0","0","0","0","1","0.5","1","14","0.9642857142857143","N/A","N/A","N/A"
"dynamic-played-departure-as-pause-14-10-4-p14-after-8","104729","courtmate-beneficial-rescue","100","14","28","{""3"":1,""30"":6,""31"":7}","12.142857142857142","7","0.9340659340659342","0.5384615384615384","85","7","91","0.8571428571428571","0.7142857142857143","14","10","0","1","1","45","55","30","101","390","0.258974358974359","1.2376237623762376","3","6","8","1","11.285714285714286","11.857142857142858","0.9013550964447552","0.8822075886443693","100","99","1","0","0","0","0","0","3","1.5","3","14","0.8571428571428571","N/A","0.8728571428571428","0.745714285714286"
"dynamic-pause-resume-14-10-4-p14-at-8-14","1","production","21","14","2","{""5"":4,""6"":6,""7"":4}","10.571428571428571","8","0.8131868131868132","0.6153846153846154","74","2","91","1","1","14","14","0","2","2","10","11","5","20","74","0.2702702702702703","1.2386363636363635","3","5","8","0","5.857142857142857","7.857142857142857","0.6834681850583316","0.7471593866430949","21","20","1","0","0","0","0","0","0","0","0","14","1","N/A","N/A","N/A"
"dynamic-pause-resume-14-10-4-p14-at-8-14","1","courtmate-beneficial-rescue","21","14","2","{""5"":4,""6"":6,""7"":4}","10.714285714285714","9","0.8241758241758245","0.6923076923076923","75","2","91","1","1","14","14","0","2","2","9","12","5","24","74","0.32432432432432434","1.2386363636363635","3","6","8","0","5.857142857142857","7.142857142857143","0.6834681850583316","0.6942121349723546","21","20","1","0","0","0","0","0","2","1","2","14","1","N/A","N/A","N/A"
"dynamic-pause-resume-14-10-4-p14-at-8-14","4729","production","21","14","0","{""6"":14}","9.857142857142858","8","0.7582417582417581","0.6153846153846154","69","0","91","0.8571428571428571","0.7142857142857143","14","10","0","0","0","12","9","6","18","74","0.24324324324324326","1.2727272727272727","4","4","7","2","5.571428571428571","8.714285714285714","0.6599500448262402","0.8006519125345973","21","20","1","0","0","0","0","0","0","0","0","14","0.8571428571428571","N/A","N/A","N/A"
"dynamic-pause-resume-14-10-4-p14-at-8-14","4729","courtmate-beneficial-rescue","21","14","3","{""4"":1,""5"":1,""6"":9,""7"":3}","11.428571428571429","9","0.8791208791208792","0.6923076923076923","80","2","91","0.8571428571428571","0.7142857142857143","14","10","0","3","2","11","10","7","23","74","0.3108108108108108","1.2159090909090908","3","4","8","0","6","8.571428571428571","0.6950651835668765","0.7932555295086304","21","20","1","0","0","0","0","0","1","0.5","1","14","0.8571428571428571","N/A","N/A","N/A"
"dynamic-pause-resume-14-10-4-p14-at-8-14","104729","production","21","14","2","{""5"":1,""6"":12,""7"":1}","10.571428571428571","10","0.8131868131868135","0.7692307692307693","74","0","91","1","1","14","14","0","2","2","10","11","6","21","74","0.28378378378378377","1.25","4","7","8","1","5.857142857142857","9.142857142857142","0.6858216882475087","0.8307842534027835","21","20","1","0","0","0","0","0","0","0","0","14","1","N/A","N/A","N/A"
"dynamic-pause-resume-14-10-4-p14-at-8-14","104729","courtmate-beneficial-rescue","21","14","0","{""6"":14}","11.142857142857142","10","0.8571428571428573","0.7692307692307693","78","0","91","1","1","14","14","0","0","0","10","11","5","27","74","0.36486486486486486","1.2386363636363635","4","6","8","3","6","8.571428571428571","0.6985554954587145","0.798223348184777","21","20","1","0","0","0","0","0","1","0.5","1","14","1","N/A","N/A","N/A"
